,Skin tone,Eye color,Skin type,Hair color,Group name
0,medium,brown,oily,black,0000
1,medium,brown,oily,brown,0001
2,medium,brown,oily,blonde,0002
3,medium,brown,oily,auburn,0003
4,medium,brown,oily,gray,0004
5,medium,brown,oily,red,0005
6,medium,brown,oily,brunette,0006
7,medium,brown,combination,black,0010
8,medium,brown,combination,brown,0011
9,medium,brown,combination,blonde,0012
10,medium,brown,combination,auburn,0013
11,medium,brown,combination,gray,0014
12,medium,brown,combination,red,0015
13,medium,brown,combination,brunette,0016
14,medium,brown,dry,black,0020
15,medium,brown,dry,brown,0021
16,medium,brown,dry,blonde,0022
17,medium,brown,dry,auburn,0023
18,medium,brown,dry,gray,0024
19,medium,brown,dry,red,0025
20,medium,brown,dry,brunette,0026
21,medium,brown,normal,black,0030
22,medium,brown,normal,brown,0031
23,medium,brown,normal,blonde,0032
24,medium,brown,normal,auburn,0033
25,medium,brown,normal,gray,0034
26,medium,brown,normal,red,0035
27,medium,brown,normal,brunette,0036
28,medium,green,oily,black,0100
29,medium,green,oily,brown,0101
30,medium,green,oily,blonde,0102
31,medium,green,oily,auburn,0103
32,medium,green,oily,gray,0104
33,medium,green,oily,red,0105
34,medium,green,oily,brunette,0106
35,medium,green,combination,black,0110
36,medium,green,combination,brown,0111
37,medium,green,combination,blonde,0112
38,medium,green,combination,auburn,0113
39,medium,green,combination,gray,0114
40,medium,green,combination,red,0115
41,medium,green,combination,brunette,0116
42,medium,green,dry,black,0120
43,medium,green,dry,brown,0121
44,medium,green,dry,blonde,0122
45,medium,green,dry,auburn,0123
46,medium,green,dry,gray,0124
47,medium,green,dry,red,0125
48,medium,green,dry,brunette,0126
49,medium,green,normal,black,0130
50,medium,green,normal,brown,0131
51,medium,green,normal,blonde,0132
52,medium,green,normal,auburn,0133
53,medium,green,normal,gray,0134
54,medium,green,normal,red,0135
55,medium,green,normal,brunette,0136
56,medium,hazel,oily,black,0200
57,medium,hazel,oily,brown,0201
58,medium,hazel,oily,blonde,0202
59,medium,hazel,oily,auburn,0203
60,medium,hazel,oily,gray,0204
61,medium,hazel,oily,red,0205
62,medium,hazel,oily,brunette,0206
63,medium,hazel,combination,black,0210
64,medium,hazel,combination,brown,0211
65,medium,hazel,combination,blonde,0212
66,medium,hazel,combination,auburn,0213
67,medium,hazel,combination,gray,0214
68,medium,hazel,combination,red,0215
69,medium,hazel,combination,brunette,0216
70,medium,hazel,dry,black,0220
71,medium,hazel,dry,brown,0221
72,medium,hazel,dry,blonde,0222
73,medium,hazel,dry,auburn,0223
74,medium,hazel,dry,gray,0224
75,medium,hazel,dry,red,0225
76,medium,hazel,dry,brunette,0226
77,medium,hazel,normal,black,0230
78,medium,hazel,normal,brown,0231
79,medium,hazel,normal,blonde,0232
80,medium,hazel,normal,auburn,0233
81,medium,hazel,normal,gray,0234
82,medium,hazel,normal,red,0235
83,medium,hazel,normal,brunette,0236
84,medium,gray,oily,black,0300
85,medium,gray,oily,brown,0301
86,medium,gray,oily,blonde,0302
87,medium,gray,oily,auburn,0303
88,medium,gray,oily,gray,0304
89,medium,gray,oily,red,0305
90,medium,gray,oily,brunette,0306
91,medium,gray,combination,black,0310
92,medium,gray,combination,brown,0311
93,medium,gray,combination,blonde,0312
94,medium,gray,combination,auburn,0313
95,medium,gray,combination,gray,0314
96,medium,gray,combination,red,0315
97,medium,gray,combination,brunette,0316
98,medium,gray,dry,black,0320
99,medium,gray,dry,brown,0321
100,medium,gray,dry,blonde,0322
101,medium,gray,dry,auburn,0323
102,medium,gray,dry,gray,0324
103,medium,gray,dry,red,0325
104,medium,gray,dry,brunette,0326
105,medium,gray,normal,black,0330
106,medium,gray,normal,brown,0331
107,medium,gray,normal,blonde,0332
108,medium,gray,normal,auburn,0333
109,medium,gray,normal,gray,0334
110,medium,gray,normal,red,0335
111,medium,gray,normal,brunette,0336
112,medium,blue,oily,black,0400
113,medium,blue,oily,brown,0401
114,medium,blue,oily,blonde,0402
115,medium,blue,oily,auburn,0403
116,medium,blue,oily,gray,0404
117,medium,blue,oily,red,0405
118,medium,blue,oily,brunette,0406
119,medium,blue,combination,black,0410
120,medium,blue,combination,brown,0411
121,medium,blue,combination,blonde,0412
122,medium,blue,combination,auburn,0413
123,medium,blue,combination,gray,0414
124,medium,blue,combination,red,0415
125,medium,blue,combination,brunette,0416
126,medium,blue,dry,black,0420
127,medium,blue,dry,brown,0421
128,medium,blue,dry,blonde,0422
129,medium,blue,dry,auburn,0423
130,medium,blue,dry,gray,0424
131,medium,blue,dry,red,0425
132,medium,blue,dry,brunette,0426
133,medium,blue,normal,black,0430
134,medium,blue,normal,brown,0431
135,medium,blue,normal,blonde,0432
136,medium,blue,normal,auburn,0433
137,medium,blue,normal,gray,0434
138,medium,blue,normal,red,0435
139,medium,blue,normal,brunette,0436
140,light,brown,oily,black,1000
141,light,brown,oily,brown,1001
142,light,brown,oily,blonde,1002
143,light,brown,oily,auburn,1003
144,light,brown,oily,gray,1004
145,light,brown,oily,red,1005
146,light,brown,oily,brunette,1006
147,light,brown,combination,black,1010
148,light,brown,combination,brown,1011
149,light,brown,combination,blonde,1012
150,light,brown,combination,auburn,1013
151,light,brown,combination,gray,1014
152,light,brown,combination,red,1015
153,light,brown,combination,brunette,1016
154,light,brown,dry,black,1020
155,light,brown,dry,brown,1021
156,light,brown,dry,blonde,1022
157,light,brown,dry,auburn,1023
158,light,brown,dry,gray,1024
159,light,brown,dry,red,1025
160,light,brown,dry,brunette,1026
161,light,brown,normal,black,1030
162,light,brown,normal,brown,1031
163,light,brown,normal,blonde,1032
164,light,brown,normal,auburn,1033
165,light,brown,normal,gray,1034
166,light,brown,normal,red,1035
167,light,brown,normal,brunette,1036
168,light,green,oily,black,1100
169,light,green,oily,brown,1101
170,light,green,oily,blonde,1102
171,light,green,oily,auburn,1103
172,light,green,oily,gray,1104
173,light,green,oily,red,1105
174,light,green,oily,brunette,1106
175,light,green,combination,black,1110
176,light,green,combination,brown,1111
177,light,green,combination,blonde,1112
178,light,green,combination,auburn,1113
179,light,green,combination,gray,1114
180,light,green,combination,red,1115
181,light,green,combination,brunette,1116
182,light,green,dry,black,1120
183,light,green,dry,brown,1121
184,light,green,dry,blonde,1122
185,light,green,dry,auburn,1123
186,light,green,dry,gray,1124
187,light,green,dry,red,1125
188,light,green,dry,brunette,1126
189,light,green,normal,black,1130
190,light,green,normal,brown,1131
191,light,green,normal,blonde,1132
192,light,green,normal,auburn,1133
193,light,green,normal,gray,1134
194,light,green,normal,red,1135
195,light,green,normal,brunette,1136
196,light,hazel,oily,black,1200
197,light,hazel,oily,brown,1201
198,light,hazel,oily,blonde,1202
199,light,hazel,oily,auburn,1203
200,light,hazel,oily,gray,1204
201,light,hazel,oily,red,1205
202,light,hazel,oily,brunette,1206
203,light,hazel,combination,black,1210
204,light,hazel,combination,brown,1211
205,light,hazel,combination,blonde,1212
206,light,hazel,combination,auburn,1213
207,light,hazel,combination,gray,1214
208,light,hazel,combination,red,1215
209,light,hazel,combination,brunette,1216
210,light,hazel,dry,black,1220
211,light,hazel,dry,brown,1221
212,light,hazel,dry,blonde,1222
213,light,hazel,dry,auburn,1223
214,light,hazel,dry,gray,1224
215,light,hazel,dry,red,1225
216,light,hazel,dry,brunette,1226
217,light,hazel,normal,black,1230
218,light,hazel,normal,brown,1231
219,light,hazel,normal,blonde,1232
220,light,hazel,normal,auburn,1233
221,light,hazel,normal,gray,1234
222,light,hazel,normal,red,1235
223,light,hazel,normal,brunette,1236
224,light,gray,oily,black,1300
225,light,gray,oily,brown,1301
226,light,gray,oily,blonde,1302
227,light,gray,oily,auburn,1303
228,light,gray,oily,gray,1304
229,light,gray,oily,red,1305
230,light,gray,oily,brunette,1306
231,light,gray,combination,black,1310
232,light,gray,combination,brown,1311
233,light,gray,combination,blonde,1312
234,light,gray,combination,auburn,1313
235,light,gray,combination,gray,1314
236,light,gray,combination,red,1315
237,light,gray,combination,brunette,1316
238,light,gray,dry,black,1320
239,light,gray,dry,brown,1321
240,light,gray,dry,blonde,1322
241,light,gray,dry,auburn,1323
242,light,gray,dry,gray,1324
243,light,gray,dry,red,1325
244,light,gray,dry,brunette,1326
245,light,gray,normal,black,1330
246,light,gray,normal,brown,1331
247,light,gray,normal,blonde,1332
248,light,gray,normal,auburn,1333
249,light,gray,normal,gray,1334
250,light,gray,normal,red,1335
251,light,gray,normal,brunette,1336
252,light,blue,oily,black,1400
253,light,blue,oily,brown,1401
254,light,blue,oily,blonde,1402
255,light,blue,oily,auburn,1403
256,light,blue,oily,gray,1404
257,light,blue,oily,red,1405
258,light,blue,oily,brunette,1406
259,light,blue,combination,black,1410
260,light,blue,combination,brown,1411
261,light,blue,combination,blonde,1412
262,light,blue,combination,auburn,1413
263,light,blue,combination,gray,1414
264,light,blue,combination,red,1415
265,light,blue,combination,brunette,1416
266,light,blue,dry,black,1420
267,light,blue,dry,brown,1421
268,light,blue,dry,blonde,1422
269,light,blue,dry,auburn,1423
270,light,blue,dry,gray,1424
271,light,blue,dry,red,1425
272,light,blue,dry,brunette,1426
273,light,blue,normal,black,1430
274,light,blue,normal,brown,1431
275,light,blue,normal,blonde,1432
276,light,blue,normal,auburn,1433
277,light,blue,normal,gray,1434
278,light,blue,normal,red,1435
279,light,blue,normal,brunette,1436
280,fair,brown,oily,black,2000
281,fair,brown,oily,brown,2001
282,fair,brown,oily,blonde,2002
283,fair,brown,oily,auburn,2003
284,fair,brown,oily,gray,2004
285,fair,brown,oily,red,2005
286,fair,brown,oily,brunette,2006
287,fair,brown,combination,black,2010
288,fair,brown,combination,brown,2011
289,fair,brown,combination,blonde,2012
290,fair,brown,combination,auburn,2013
291,fair,brown,combination,gray,2014
292,fair,brown,combination,red,2015
293,fair,brown,combination,brunette,2016
294,fair,brown,dry,black,2020
295,fair,brown,dry,brown,2021
296,fair,brown,dry,blonde,2022
297,fair,brown,dry,auburn,2023
298,fair,brown,dry,gray,2024
299,fair,brown,dry,red,2025
300,fair,brown,dry,brunette,2026
301,fair,brown,normal,black,2030
302,fair,brown,normal,brown,2031
303,fair,brown,normal,blonde,2032
304,fair,brown,normal,auburn,2033
305,fair,brown,normal,gray,2034
306,fair,brown,normal,red,2035
307,fair,brown,normal,brunette,2036
308,fair,green,oily,black,2100
309,fair,green,oily,brown,2101
310,fair,green,oily,blonde,2102
311,fair,green,oily,auburn,2103
312,fair,green,oily,gray,2104
313,fair,green,oily,red,2105
314,fair,green,oily,brunette,2106
315,fair,green,combination,black,2110
316,fair,green,combination,brown,2111
317,fair,green,combination,blonde,2112
318,fair,green,combination,auburn,2113
319,fair,green,combination,gray,2114
320,fair,green,combination,red,2115
321,fair,green,combination,brunette,2116
322,fair,green,dry,black,2120
323,fair,green,dry,brown,2121
324,fair,green,dry,blonde,2122
325,fair,green,dry,auburn,2123
326,fair,green,dry,gray,2124
327,fair,green,dry,red,2125
328,fair,green,dry,brunette,2126
329,fair,green,normal,black,2130
330,fair,green,normal,brown,2131
331,fair,green,normal,blonde,2132
332,fair,green,normal,auburn,2133
333,fair,green,normal,gray,2134
334,fair,green,normal,red,2135
335,fair,green,normal,brunette,2136
336,fair,hazel,oily,black,2200
337,fair,hazel,oily,brown,2201
338,fair,hazel,oily,blonde,2202
339,fair,hazel,oily,auburn,2203
340,fair,hazel,oily,gray,2204
341,fair,hazel,oily,red,2205
342,fair,hazel,oily,brunette,2206
343,fair,hazel,combination,black,2210
344,fair,hazel,combination,brown,2211
345,fair,hazel,combination,blonde,2212
346,fair,hazel,combination,auburn,2213
347,fair,hazel,combination,gray,2214
348,fair,hazel,combination,red,2215
349,fair,hazel,combination,brunette,2216
350,fair,hazel,dry,black,2220
351,fair,hazel,dry,brown,2221
352,fair,hazel,dry,blonde,2222
353,fair,hazel,dry,auburn,2223
354,fair,hazel,dry,gray,2224
355,fair,hazel,dry,red,2225
356,fair,hazel,dry,brunette,2226
357,fair,hazel,normal,black,2230
358,fair,hazel,normal,brown,2231
359,fair,hazel,normal,blonde,2232
360,fair,hazel,normal,auburn,2233
361,fair,hazel,normal,gray,2234
362,fair,hazel,normal,red,2235
363,fair,hazel,normal,brunette,2236
364,fair,gray,oily,black,2300
365,fair,gray,oily,brown,2301
366,fair,gray,oily,blonde,2302
367,fair,gray,oily,auburn,2303
368,fair,gray,oily,gray,2304
369,fair,gray,oily,red,2305
370,fair,gray,oily,brunette,2306
371,fair,gray,combination,black,2310
372,fair,gray,combination,brown,2311
373,fair,gray,combination,blonde,2312
374,fair,gray,combination,auburn,2313
375,fair,gray,combination,gray,2314
376,fair,gray,combination,red,2315
377,fair,gray,combination,brunette,2316
378,fair,gray,dry,black,2320
379,fair,gray,dry,brown,2321
380,fair,gray,dry,blonde,2322
381,fair,gray,dry,auburn,2323
382,fair,gray,dry,gray,2324
383,fair,gray,dry,red,2325
384,fair,gray,dry,brunette,2326
385,fair,gray,normal,black,2330
386,fair,gray,normal,brown,2331
387,fair,gray,normal,blonde,2332
388,fair,gray,normal,auburn,2333
389,fair,gray,normal,gray,2334
390,fair,gray,normal,red,2335
391,fair,gray,normal,brunette,2336
392,fair,blue,oily,black,2400
393,fair,blue,oily,brown,2401
394,fair,blue,oily,blonde,2402
395,fair,blue,oily,auburn,2403
396,fair,blue,oily,gray,2404
397,fair,blue,oily,red,2405
398,fair,blue,oily,brunette,2406
399,fair,blue,combination,black,2410
400,fair,blue,combination,brown,2411
401,fair,blue,combination,blonde,2412
402,fair,blue,combination,auburn,2413
403,fair,blue,combination,gray,2414
404,fair,blue,combination,red,2415
405,fair,blue,combination,brunette,2416
406,fair,blue,dry,black,2420
407,fair,blue,dry,brown,2421
408,fair,blue,dry,blonde,2422
409,fair,blue,dry,auburn,2423
410,fair,blue,dry,gray,2424
411,fair,blue,dry,red,2425
412,fair,blue,dry,brunette,2426
413,fair,blue,normal,black,2430
414,fair,blue,normal,brown,2431
415,fair,blue,normal,blonde,2432
416,fair,blue,normal,auburn,2433
417,fair,blue,normal,gray,2434
418,fair,blue,normal,red,2435
419,fair,blue,normal,brunette,2436
420,lightMedium,brown,oily,black,3000
421,lightMedium,brown,oily,brown,3001
422,lightMedium,brown,oily,blonde,3002
423,lightMedium,brown,oily,auburn,3003
424,lightMedium,brown,oily,gray,3004
425,lightMedium,brown,oily,red,3005
426,lightMedium,brown,oily,brunette,3006
427,lightMedium,brown,combination,black,3010
428,lightMedium,brown,combination,brown,3011
429,lightMedium,brown,combination,blonde,3012
430,lightMedium,brown,combination,auburn,3013
431,lightMedium,brown,combination,gray,3014
432,lightMedium,brown,combination,red,3015
433,lightMedium,brown,combination,brunette,3016
434,lightMedium,brown,dry,black,3020
435,lightMedium,brown,dry,brown,3021
436,lightMedium,brown,dry,blonde,3022
437,lightMedium,brown,dry,auburn,3023
438,lightMedium,brown,dry,gray,3024
439,lightMedium,brown,dry,red,3025
440,lightMedium,brown,dry,brunette,3026
441,lightMedium,brown,normal,black,3030
442,lightMedium,brown,normal,brown,3031
443,lightMedium,brown,normal,blonde,3032
444,lightMedium,brown,normal,auburn,3033
445,lightMedium,brown,normal,gray,3034
446,lightMedium,brown,normal,red,3035
447,lightMedium,brown,normal,brunette,3036
448,lightMedium,green,oily,black,3100
449,lightMedium,green,oily,brown,3101
450,lightMedium,green,oily,blonde,3102
451,lightMedium,green,oily,auburn,3103
452,lightMedium,green,oily,gray,3104
453,lightMedium,green,oily,red,3105
454,lightMedium,green,oily,brunette,3106
455,lightMedium,green,combination,black,3110
456,lightMedium,green,combination,brown,3111
457,lightMedium,green,combination,blonde,3112
458,lightMedium,green,combination,auburn,3113
459,lightMedium,green,combination,gray,3114
460,lightMedium,green,combination,red,3115
461,lightMedium,green,combination,brunette,3116
462,lightMedium,green,dry,black,3120
463,lightMedium,green,dry,brown,3121
464,lightMedium,green,dry,blonde,3122
465,lightMedium,green,dry,auburn,3123
466,lightMedium,green,dry,gray,3124
467,lightMedium,green,dry,red,3125
468,lightMedium,green,dry,brunette,3126
469,lightMedium,green,normal,black,3130
470,lightMedium,green,normal,brown,3131
471,lightMedium,green,normal,blonde,3132
472,lightMedium,green,normal,auburn,3133
473,lightMedium,green,normal,gray,3134
474,lightMedium,green,normal,red,3135
475,lightMedium,green,normal,brunette,3136
476,lightMedium,hazel,oily,black,3200
477,lightMedium,hazel,oily,brown,3201
478,lightMedium,hazel,oily,blonde,3202
479,lightMedium,hazel,oily,auburn,3203
480,lightMedium,hazel,oily,gray,3204
481,lightMedium,hazel,oily,red,3205
482,lightMedium,hazel,oily,brunette,3206
483,lightMedium,hazel,combination,black,3210
484,lightMedium,hazel,combination,brown,3211
485,lightMedium,hazel,combination,blonde,3212
486,lightMedium,hazel,combination,auburn,3213
487,lightMedium,hazel,combination,gray,3214
488,lightMedium,hazel,combination,red,3215
489,lightMedium,hazel,combination,brunette,3216
490,lightMedium,hazel,dry,black,3220
491,lightMedium,hazel,dry,brown,3221
492,lightMedium,hazel,dry,blonde,3222
493,lightMedium,hazel,dry,auburn,3223
494,lightMedium,hazel,dry,gray,3224
495,lightMedium,hazel,dry,red,3225
496,lightMedium,hazel,dry,brunette,3226
497,lightMedium,hazel,normal,black,3230
498,lightMedium,hazel,normal,brown,3231
499,lightMedium,hazel,normal,blonde,3232
500,lightMedium,hazel,normal,auburn,3233
501,lightMedium,hazel,normal,gray,3234
502,lightMedium,hazel,normal,red,3235
503,lightMedium,hazel,normal,brunette,3236
504,lightMedium,gray,oily,black,3300
505,lightMedium,gray,oily,brown,3301
506,lightMedium,gray,oily,blonde,3302
507,lightMedium,gray,oily,auburn,3303
508,lightMedium,gray,oily,gray,3304
509,lightMedium,gray,oily,red,3305
510,lightMedium,gray,oily,brunette,3306
511,lightMedium,gray,combination,black,3310
512,lightMedium,gray,combination,brown,3311
513,lightMedium,gray,combination,blonde,3312
514,lightMedium,gray,combination,auburn,3313
515,lightMedium,gray,combination,gray,3314
516,lightMedium,gray,combination,red,3315
517,lightMedium,gray,combination,brunette,3316
518,lightMedium,gray,dry,black,3320
519,lightMedium,gray,dry,brown,3321
520,lightMedium,gray,dry,blonde,3322
521,lightMedium,gray,dry,auburn,3323
522,lightMedium,gray,dry,gray,3324
523,lightMedium,gray,dry,red,3325
524,lightMedium,gray,dry,brunette,3326
525,lightMedium,gray,normal,black,3330
526,lightMedium,gray,normal,brown,3331
527,lightMedium,gray,normal,blonde,3332
528,lightMedium,gray,normal,auburn,3333
529,lightMedium,gray,normal,gray,3334
530,lightMedium,gray,normal,red,3335
531,lightMedium,gray,normal,brunette,3336
532,lightMedium,blue,oily,black,3400
533,lightMedium,blue,oily,brown,3401
534,lightMedium,blue,oily,blonde,3402
535,lightMedium,blue,oily,auburn,3403
536,lightMedium,blue,oily,gray,3404
537,lightMedium,blue,oily,red,3405
538,lightMedium,blue,oily,brunette,3406
539,lightMedium,blue,combination,black,3410
540,lightMedium,blue,combination,brown,3411
541,lightMedium,blue,combination,blonde,3412
542,lightMedium,blue,combination,auburn,3413
543,lightMedium,blue,combination,gray,3414
544,lightMedium,blue,combination,red,3415
545,lightMedium,blue,combination,brunette,3416
546,lightMedium,blue,dry,black,3420
547,lightMedium,blue,dry,brown,3421
548,lightMedium,blue,dry,blonde,3422
549,lightMedium,blue,dry,auburn,3423
550,lightMedium,blue,dry,gray,3424
551,lightMedium,blue,dry,red,3425
552,lightMedium,blue,dry,brunette,3426
553,lightMedium,blue,normal,black,3430
554,lightMedium,blue,normal,brown,3431
555,lightMedium,blue,normal,blonde,3432
556,lightMedium,blue,normal,auburn,3433
557,lightMedium,blue,normal,gray,3434
558,lightMedium,blue,normal,red,3435
559,lightMedium,blue,normal,brunette,3436
560,mediumTan,brown,oily,black,4000
561,mediumTan,brown,oily,brown,4001
562,mediumTan,brown,oily,blonde,4002
563,mediumTan,brown,oily,auburn,4003
564,mediumTan,brown,oily,gray,4004
565,mediumTan,brown,oily,red,4005
566,mediumTan,brown,oily,brunette,4006
567,mediumTan,brown,combination,black,4010
568,mediumTan,brown,combination,brown,4011
569,mediumTan,brown,combination,blonde,4012
570,mediumTan,brown,combination,auburn,4013
571,mediumTan,brown,combination,gray,4014
572,mediumTan,brown,combination,red,4015
573,mediumTan,brown,combination,brunette,4016
574,mediumTan,brown,dry,black,4020
575,mediumTan,brown,dry,brown,4021
576,mediumTan,brown,dry,blonde,4022
577,mediumTan,brown,dry,auburn,4023
578,mediumTan,brown,dry,gray,4024
579,mediumTan,brown,dry,red,4025
580,mediumTan,brown,dry,brunette,4026
581,mediumTan,brown,normal,black,4030
582,mediumTan,brown,normal,brown,4031
583,mediumTan,brown,normal,blonde,4032
584,mediumTan,brown,normal,auburn,4033
585,mediumTan,brown,normal,gray,4034
586,mediumTan,brown,normal,red,4035
587,mediumTan,brown,normal,brunette,4036
588,mediumTan,green,oily,black,4100
589,mediumTan,green,oily,brown,4101
590,mediumTan,green,oily,blonde,4102
591,mediumTan,green,oily,auburn,4103
592,mediumTan,green,oily,gray,4104
593,mediumTan,green,oily,red,4105
594,mediumTan,green,oily,brunette,4106
595,mediumTan,green,combination,black,4110
596,mediumTan,green,combination,brown,4111
597,mediumTan,green,combination,blonde,4112
598,mediumTan,green,combination,auburn,4113
599,mediumTan,green,combination,gray,4114
600,mediumTan,green,combination,red,4115
601,mediumTan,green,combination,brunette,4116
602,mediumTan,green,dry,black,4120
603,mediumTan,green,dry,brown,4121
604,mediumTan,green,dry,blonde,4122
605,mediumTan,green,dry,auburn,4123
606,mediumTan,green,dry,gray,4124
607,mediumTan,green,dry,red,4125
608,mediumTan,green,dry,brunette,4126
609,mediumTan,green,normal,black,4130
610,mediumTan,green,normal,brown,4131
611,mediumTan,green,normal,blonde,4132
612,mediumTan,green,normal,auburn,4133
613,mediumTan,green,normal,gray,4134
614,mediumTan,green,normal,red,4135
615,mediumTan,green,normal,brunette,4136
616,mediumTan,hazel,oily,black,4200
617,mediumTan,hazel,oily,brown,4201
618,mediumTan,hazel,oily,blonde,4202
619,mediumTan,hazel,oily,auburn,4203
620,mediumTan,hazel,oily,gray,4204
621,mediumTan,hazel,oily,red,4205
622,mediumTan,hazel,oily,brunette,4206
623,mediumTan,hazel,combination,black,4210
624,mediumTan,hazel,combination,brown,4211
625,mediumTan,hazel,combination,blonde,4212
626,mediumTan,hazel,combination,auburn,4213
627,mediumTan,hazel,combination,gray,4214
628,mediumTan,hazel,combination,red,4215
629,mediumTan,hazel,combination,brunette,4216
630,mediumTan,hazel,dry,black,4220
631,mediumTan,hazel,dry,brown,4221
632,mediumTan,hazel,dry,blonde,4222
633,mediumTan,hazel,dry,auburn,4223
634,mediumTan,hazel,dry,gray,4224
635,mediumTan,hazel,dry,red,4225
636,mediumTan,hazel,dry,brunette,4226
637,mediumTan,hazel,normal,black,4230
638,mediumTan,hazel,normal,brown,4231
639,mediumTan,hazel,normal,blonde,4232
640,mediumTan,hazel,normal,auburn,4233
641,mediumTan,hazel,normal,gray,4234
642,mediumTan,hazel,normal,red,4235
643,mediumTan,hazel,normal,brunette,4236
644,mediumTan,gray,oily,black,4300
645,mediumTan,gray,oily,brown,4301
646,mediumTan,gray,oily,blonde,4302
647,mediumTan,gray,oily,auburn,4303
648,mediumTan,gray,oily,gray,4304
649,mediumTan,gray,oily,red,4305
650,mediumTan,gray,oily,brunette,4306
651,mediumTan,gray,combination,black,4310
652,mediumTan,gray,combination,brown,4311
653,mediumTan,gray,combination,blonde,4312
654,mediumTan,gray,combination,auburn,4313
655,mediumTan,gray,combination,gray,4314
656,mediumTan,gray,combination,red,4315
657,mediumTan,gray,combination,brunette,4316
658,mediumTan,gray,dry,black,4320
659,mediumTan,gray,dry,brown,4321
660,mediumTan,gray,dry,blonde,4322
661,mediumTan,gray,dry,auburn,4323
662,mediumTan,gray,dry,gray,4324
663,mediumTan,gray,dry,red,4325
664,mediumTan,gray,dry,brunette,4326
665,mediumTan,gray,normal,black,4330
666,mediumTan,gray,normal,brown,4331
667,mediumTan,gray,normal,blonde,4332
668,mediumTan,gray,normal,auburn,4333
669,mediumTan,gray,normal,gray,4334
670,mediumTan,gray,normal,red,4335
671,mediumTan,gray,normal,brunette,4336
672,mediumTan,blue,oily,black,4400
673,mediumTan,blue,oily,brown,4401
674,mediumTan,blue,oily,blonde,4402
675,mediumTan,blue,oily,auburn,4403
676,mediumTan,blue,oily,gray,4404
677,mediumTan,blue,oily,red,4405
678,mediumTan,blue,oily,brunette,4406
679,mediumTan,blue,combination,black,4410
680,mediumTan,blue,combination,brown,4411
681,mediumTan,blue,combination,blonde,4412
682,mediumTan,blue,combination,auburn,4413
683,mediumTan,blue,combination,gray,4414
684,mediumTan,blue,combination,red,4415
685,mediumTan,blue,combination,brunette,4416
686,mediumTan,blue,dry,black,4420
687,mediumTan,blue,dry,brown,4421
688,mediumTan,blue,dry,blonde,4422
689,mediumTan,blue,dry,auburn,4423
690,mediumTan,blue,dry,gray,4424
691,mediumTan,blue,dry,red,4425
692,mediumTan,blue,dry,brunette,4426
693,mediumTan,blue,normal,black,4430
694,mediumTan,blue,normal,brown,4431
695,mediumTan,blue,normal,blonde,4432
696,mediumTan,blue,normal,auburn,4433
697,mediumTan,blue,normal,gray,4434
698,mediumTan,blue,normal,red,4435
699,mediumTan,blue,normal,brunette,4436
700,tan,brown,oily,black,5000
701,tan,brown,oily,brown,5001
702,tan,brown,oily,blonde,5002
703,tan,brown,oily,auburn,5003
704,tan,brown,oily,gray,5004
705,tan,brown,oily,red,5005
706,tan,brown,oily,brunette,5006
707,tan,brown,combination,black,5010
708,tan,brown,combination,brown,5011
709,tan,brown,combination,blonde,5012
710,tan,brown,combination,auburn,5013
711,tan,brown,combination,gray,5014
712,tan,brown,combination,red,5015
713,tan,brown,combination,brunette,5016
714,tan,brown,dry,black,5020
715,tan,brown,dry,brown,5021
716,tan,brown,dry,blonde,5022
717,tan,brown,dry,auburn,5023
718,tan,brown,dry,gray,5024
719,tan,brown,dry,red,5025
720,tan,brown,dry,brunette,5026
721,tan,brown,normal,black,5030
722,tan,brown,normal,brown,5031
723,tan,brown,normal,blonde,5032
724,tan,brown,normal,auburn,5033
725,tan,brown,normal,gray,5034
726,tan,brown,normal,red,5035
727,tan,brown,normal,brunette,5036
728,tan,green,oily,black,5100
729,tan,green,oily,brown,5101
730,tan,green,oily,blonde,5102
731,tan,green,oily,auburn,5103
732,tan,green,oily,gray,5104
733,tan,green,oily,red,5105
734,tan,green,oily,brunette,5106
735,tan,green,combination,black,5110
736,tan,green,combination,brown,5111
737,tan,green,combination,blonde,5112
738,tan,green,combination,auburn,5113
739,tan,green,combination,gray,5114
740,tan,green,combination,red,5115
741,tan,green,combination,brunette,5116
742,tan,green,dry,black,5120
743,tan,green,dry,brown,5121
744,tan,green,dry,blonde,5122
745,tan,green,dry,auburn,5123
746,tan,green,dry,gray,5124
747,tan,green,dry,red,5125
748,tan,green,dry,brunette,5126
749,tan,green,normal,black,5130
750,tan,green,normal,brown,5131
751,tan,green,normal,blonde,5132
752,tan,green,normal,auburn,5133
753,tan,green,normal,gray,5134
754,tan,green,normal,red,5135
755,tan,green,normal,brunette,5136
756,tan,hazel,oily,black,5200
757,tan,hazel,oily,brown,5201
758,tan,hazel,oily,blonde,5202
759,tan,hazel,oily,auburn,5203
760,tan,hazel,oily,gray,5204
761,tan,hazel,oily,red,5205
762,tan,hazel,oily,brunette,5206
763,tan,hazel,combination,black,5210
764,tan,hazel,combination,brown,5211
765,tan,hazel,combination,blonde,5212
766,tan,hazel,combination,auburn,5213
767,tan,hazel,combination,gray,5214
768,tan,hazel,combination,red,5215
769,tan,hazel,combination,brunette,5216
770,tan,hazel,dry,black,5220
771,tan,hazel,dry,brown,5221
772,tan,hazel,dry,blonde,5222
773,tan,hazel,dry,auburn,5223
774,tan,hazel,dry,gray,5224
775,tan,hazel,dry,red,5225
776,tan,hazel,dry,brunette,5226
777,tan,hazel,normal,black,5230
778,tan,hazel,normal,brown,5231
779,tan,hazel,normal,blonde,5232
780,tan,hazel,normal,auburn,5233
781,tan,hazel,normal,gray,5234
782,tan,hazel,normal,red,5235
783,tan,hazel,normal,brunette,5236
784,tan,gray,oily,black,5300
785,tan,gray,oily,brown,5301
786,tan,gray,oily,blonde,5302
787,tan,gray,oily,auburn,5303
788,tan,gray,oily,gray,5304
789,tan,gray,oily,red,5305
790,tan,gray,oily,brunette,5306
791,tan,gray,combination,black,5310
792,tan,gray,combination,brown,5311
793,tan,gray,combination,blonde,5312
794,tan,gray,combination,auburn,5313
795,tan,gray,combination,gray,5314
796,tan,gray,combination,red,5315
797,tan,gray,combination,brunette,5316
798,tan,gray,dry,black,5320
799,tan,gray,dry,brown,5321
800,tan,gray,dry,blonde,5322
801,tan,gray,dry,auburn,5323
802,tan,gray,dry,gray,5324
803,tan,gray,dry,red,5325
804,tan,gray,dry,brunette,5326
805,tan,gray,normal,black,5330
806,tan,gray,normal,brown,5331
807,tan,gray,normal,blonde,5332
808,tan,gray,normal,auburn,5333
809,tan,gray,normal,gray,5334
810,tan,gray,normal,red,5335
811,tan,gray,normal,brunette,5336
812,tan,blue,oily,black,5400
813,tan,blue,oily,brown,5401
814,tan,blue,oily,blonde,5402
815,tan,blue,oily,auburn,5403
816,tan,blue,oily,gray,5404
817,tan,blue,oily,red,5405
818,tan,blue,oily,brunette,5406
819,tan,blue,combination,black,5410
820,tan,blue,combination,brown,5411
821,tan,blue,combination,blonde,5412
822,tan,blue,combination,auburn,5413
823,tan,blue,combination,gray,5414
824,tan,blue,combination,red,5415
825,tan,blue,combination,brunette,5416
826,tan,blue,dry,black,5420
827,tan,blue,dry,brown,5421
828,tan,blue,dry,blonde,5422
829,tan,blue,dry,auburn,5423
830,tan,blue,dry,gray,5424
831,tan,blue,dry,red,5425
832,tan,blue,dry,brunette,5426
833,tan,blue,normal,black,5430
834,tan,blue,normal,brown,5431
835,tan,blue,normal,blonde,5432
836,tan,blue,normal,auburn,5433
837,tan,blue,normal,gray,5434
838,tan,blue,normal,red,5435
839,tan,blue,normal,brunette,5436
840,fairLight,brown,oily,black,6000
841,fairLight,brown,oily,brown,6001
842,fairLight,brown,oily,blonde,6002
843,fairLight,brown,oily,auburn,6003
844,fairLight,brown,oily,gray,6004
845,fairLight,brown,oily,red,6005
846,fairLight,brown,oily,brunette,6006
847,fairLight,brown,combination,black,6010
848,fairLight,brown,combination,brown,6011
849,fairLight,brown,combination,blonde,6012
850,fairLight,brown,combination,auburn,6013
851,fairLight,brown,combination,gray,6014
852,fairLight,brown,combination,red,6015
853,fairLight,brown,combination,brunette,6016
854,fairLight,brown,dry,black,6020
855,fairLight,brown,dry,brown,6021
856,fairLight,brown,dry,blonde,6022
857,fairLight,brown,dry,auburn,6023
858,fairLight,brown,dry,gray,6024
859,fairLight,brown,dry,red,6025
860,fairLight,brown,dry,brunette,6026
861,fairLight,brown,normal,black,6030
862,fairLight,brown,normal,brown,6031
863,fairLight,brown,normal,blonde,6032
864,fairLight,brown,normal,auburn,6033
865,fairLight,brown,normal,gray,6034
866,fairLight,brown,normal,red,6035
867,fairLight,brown,normal,brunette,6036
868,fairLight,green,oily,black,6100
869,fairLight,green,oily,brown,6101
870,fairLight,green,oily,blonde,6102
871,fairLight,green,oily,auburn,6103
872,fairLight,green,oily,gray,6104
873,fairLight,green,oily,red,6105
874,fairLight,green,oily,brunette,6106
875,fairLight,green,combination,black,6110
876,fairLight,green,combination,brown,6111
877,fairLight,green,combination,blonde,6112
878,fairLight,green,combination,auburn,6113
879,fairLight,green,combination,gray,6114
880,fairLight,green,combination,red,6115
881,fairLight,green,combination,brunette,6116
882,fairLight,green,dry,black,6120
883,fairLight,green,dry,brown,6121
884,fairLight,green,dry,blonde,6122
885,fairLight,green,dry,auburn,6123
886,fairLight,green,dry,gray,6124
887,fairLight,green,dry,red,6125
888,fairLight,green,dry,brunette,6126
889,fairLight,green,normal,black,6130
890,fairLight,green,normal,brown,6131
891,fairLight,green,normal,blonde,6132
892,fairLight,green,normal,auburn,6133
893,fairLight,green,normal,gray,6134
894,fairLight,green,normal,red,6135
895,fairLight,green,normal,brunette,6136
896,fairLight,hazel,oily,black,6200
897,fairLight,hazel,oily,brown,6201
898,fairLight,hazel,oily,blonde,6202
899,fairLight,hazel,oily,auburn,6203
900,fairLight,hazel,oily,gray,6204
901,fairLight,hazel,oily,red,6205
902,fairLight,hazel,oily,brunette,6206
903,fairLight,hazel,combination,black,6210
904,fairLight,hazel,combination,brown,6211
905,fairLight,hazel,combination,blonde,6212
906,fairLight,hazel,combination,auburn,6213
907,fairLight,hazel,combination,gray,6214
908,fairLight,hazel,combination,red,6215
909,fairLight,hazel,combination,brunette,6216
910,fairLight,hazel,dry,black,6220
911,fairLight,hazel,dry,brown,6221
912,fairLight,hazel,dry,blonde,6222
913,fairLight,hazel,dry,auburn,6223
914,fairLight,hazel,dry,gray,6224
915,fairLight,hazel,dry,red,6225
916,fairLight,hazel,dry,brunette,6226
917,fairLight,hazel,normal,black,6230
918,fairLight,hazel,normal,brown,6231
919,fairLight,hazel,normal,blonde,6232
920,fairLight,hazel,normal,auburn,6233
921,fairLight,hazel,normal,gray,6234
922,fairLight,hazel,normal,red,6235
923,fairLight,hazel,normal,brunette,6236
924,fairLight,gray,oily,black,6300
925,fairLight,gray,oily,brown,6301
926,fairLight,gray,oily,blonde,6302
927,fairLight,gray,oily,auburn,6303
928,fairLight,gray,oily,gray,6304
929,fairLight,gray,oily,red,6305
930,fairLight,gray,oily,brunette,6306
931,fairLight,gray,combination,black,6310
932,fairLight,gray,combination,brown,6311
933,fairLight,gray,combination,blonde,6312
934,fairLight,gray,combination,auburn,6313
935,fairLight,gray,combination,gray,6314
936,fairLight,gray,combination,red,6315
937,fairLight,gray,combination,brunette,6316
938,fairLight,gray,dry,black,6320
939,fairLight,gray,dry,brown,6321
940,fairLight,gray,dry,blonde,6322
941,fairLight,gray,dry,auburn,6323
942,fairLight,gray,dry,gray,6324
943,fairLight,gray,dry,red,6325
944,fairLight,gray,dry,brunette,6326
945,fairLight,gray,normal,black,6330
946,fairLight,gray,normal,brown,6331
947,fairLight,gray,normal,blonde,6332
948,fairLight,gray,normal,auburn,6333
949,fairLight,gray,normal,gray,6334
950,fairLight,gray,normal,red,6335
951,fairLight,gray,normal,brunette,6336
952,fairLight,blue,oily,black,6400
953,fairLight,blue,oily,brown,6401
954,fairLight,blue,oily,blonde,6402
955,fairLight,blue,oily,auburn,6403
956,fairLight,blue,oily,gray,6404
957,fairLight,blue,oily,red,6405
958,fairLight,blue,oily,brunette,6406
959,fairLight,blue,combination,black,6410
960,fairLight,blue,combination,brown,6411
961,fairLight,blue,combination,blonde,6412
962,fairLight,blue,combination,auburn,6413
963,fairLight,blue,combination,gray,6414
964,fairLight,blue,combination,red,6415
965,fairLight,blue,combination,brunette,6416
966,fairLight,blue,dry,black,6420
967,fairLight,blue,dry,brown,6421
968,fairLight,blue,dry,blonde,6422
969,fairLight,blue,dry,auburn,6423
970,fairLight,blue,dry,gray,6424
971,fairLight,blue,dry,red,6425
972,fairLight,blue,dry,brunette,6426
973,fairLight,blue,normal,black,6430
974,fairLight,blue,normal,brown,6431
975,fairLight,blue,normal,blonde,6432
976,fairLight,blue,normal,auburn,6433
977,fairLight,blue,normal,gray,6434
978,fairLight,blue,normal,red,6435
979,fairLight,blue,normal,brunette,6436
980,rich,brown,oily,black,7000
981,rich,brown,oily,brown,7001
982,rich,brown,oily,blonde,7002
983,rich,brown,oily,auburn,7003
984,rich,brown,oily,gray,7004
985,rich,brown,oily,red,7005
986,rich,brown,oily,brunette,7006
987,rich,brown,combination,black,7010
988,rich,brown,combination,brown,7011
989,rich,brown,combination,blonde,7012
990,rich,brown,combination,auburn,7013
991,rich,brown,combination,gray,7014
992,rich,brown,combination,red,7015
993,rich,brown,combination,brunette,7016
994,rich,brown,dry,black,7020
995,rich,brown,dry,brown,7021
996,rich,brown,dry,blonde,7022
997,rich,brown,dry,auburn,7023
998,rich,brown,dry,gray,7024
999,rich,brown,dry,red,7025
1000,rich,brown,dry,brunette,7026
1001,rich,brown,normal,black,7030
1002,rich,brown,normal,brown,7031
1003,rich,brown,normal,blonde,7032
1004,rich,brown,normal,auburn,7033
1005,rich,brown,normal,gray,7034
1006,rich,brown,normal,red,7035
1007,rich,brown,normal,brunette,7036
1008,rich,green,oily,black,7100
1009,rich,green,oily,brown,7101
1010,rich,green,oily,blonde,7102
1011,rich,green,oily,auburn,7103
1012,rich,green,oily,gray,7104
1013,rich,green,oily,red,7105
1014,rich,green,oily,brunette,7106
1015,rich,green,combination,black,7110
1016,rich,green,combination,brown,7111
1017,rich,green,combination,blonde,7112
1018,rich,green,combination,auburn,7113
1019,rich,green,combination,gray,7114
1020,rich,green,combination,red,7115
1021,rich,green,combination,brunette,7116
1022,rich,green,dry,black,7120
1023,rich,green,dry,brown,7121
1024,rich,green,dry,blonde,7122
1025,rich,green,dry,auburn,7123
1026,rich,green,dry,gray,7124
1027,rich,green,dry,red,7125
1028,rich,green,dry,brunette,7126
1029,rich,green,normal,black,7130
1030,rich,green,normal,brown,7131
1031,rich,green,normal,blonde,7132
1032,rich,green,normal,auburn,7133
1033,rich,green,normal,gray,7134
1034,rich,green,normal,red,7135
1035,rich,green,normal,brunette,7136
1036,rich,hazel,oily,black,7200
1037,rich,hazel,oily,brown,7201
1038,rich,hazel,oily,blonde,7202
1039,rich,hazel,oily,auburn,7203
1040,rich,hazel,oily,gray,7204
1041,rich,hazel,oily,red,7205
1042,rich,hazel,oily,brunette,7206
1043,rich,hazel,combination,black,7210
1044,rich,hazel,combination,brown,7211
1045,rich,hazel,combination,blonde,7212
1046,rich,hazel,combination,auburn,7213
1047,rich,hazel,combination,gray,7214
1048,rich,hazel,combination,red,7215
1049,rich,hazel,combination,brunette,7216
1050,rich,hazel,dry,black,7220
1051,rich,hazel,dry,brown,7221
1052,rich,hazel,dry,blonde,7222
1053,rich,hazel,dry,auburn,7223
1054,rich,hazel,dry,gray,7224
1055,rich,hazel,dry,red,7225
1056,rich,hazel,dry,brunette,7226
1057,rich,hazel,normal,black,7230
1058,rich,hazel,normal,brown,7231
1059,rich,hazel,normal,blonde,7232
1060,rich,hazel,normal,auburn,7233
1061,rich,hazel,normal,gray,7234
1062,rich,hazel,normal,red,7235
1063,rich,hazel,normal,brunette,7236
1064,rich,gray,oily,black,7300
1065,rich,gray,oily,brown,7301
1066,rich,gray,oily,blonde,7302
1067,rich,gray,oily,auburn,7303
1068,rich,gray,oily,gray,7304
1069,rich,gray,oily,red,7305
1070,rich,gray,oily,brunette,7306
1071,rich,gray,combination,black,7310
1072,rich,gray,combination,brown,7311
1073,rich,gray,combination,blonde,7312
1074,rich,gray,combination,auburn,7313
1075,rich,gray,combination,gray,7314
1076,rich,gray,combination,red,7315
1077,rich,gray,combination,brunette,7316
1078,rich,gray,dry,black,7320
1079,rich,gray,dry,brown,7321
1080,rich,gray,dry,blonde,7322
1081,rich,gray,dry,auburn,7323
1082,rich,gray,dry,gray,7324
1083,rich,gray,dry,red,7325
1084,rich,gray,dry,brunette,7326
1085,rich,gray,normal,black,7330
1086,rich,gray,normal,brown,7331
1087,rich,gray,normal,blonde,7332
1088,rich,gray,normal,auburn,7333
1089,rich,gray,normal,gray,7334
1090,rich,gray,normal,red,7335
1091,rich,gray,normal,brunette,7336
1092,rich,blue,oily,black,7400
1093,rich,blue,oily,brown,7401
1094,rich,blue,oily,blonde,7402
1095,rich,blue,oily,auburn,7403
1096,rich,blue,oily,gray,7404
1097,rich,blue,oily,red,7405
1098,rich,blue,oily,brunette,7406
1099,rich,blue,combination,black,7410
1100,rich,blue,combination,brown,7411
1101,rich,blue,combination,blonde,7412
1102,rich,blue,combination,auburn,7413
1103,rich,blue,combination,gray,7414
1104,rich,blue,combination,red,7415
1105,rich,blue,combination,brunette,7416
1106,rich,blue,dry,black,7420
1107,rich,blue,dry,brown,7421
1108,rich,blue,dry,blonde,7422
1109,rich,blue,dry,auburn,7423
1110,rich,blue,dry,gray,7424
1111,rich,blue,dry,red,7425
1112,rich,blue,dry,brunette,7426
1113,rich,blue,normal,black,7430
1114,rich,blue,normal,brown,7431
1115,rich,blue,normal,blonde,7432
1116,rich,blue,normal,auburn,7433
1117,rich,blue,normal,gray,7434
1118,rich,blue,normal,red,7435
1119,rich,blue,normal,brunette,7436
1120,deep,brown,oily,black,8000
1121,deep,brown,oily,brown,8001
1122,deep,brown,oily,blonde,8002
1123,deep,brown,oily,auburn,8003
1124,deep,brown,oily,gray,8004
1125,deep,brown,oily,red,8005
1126,deep,brown,oily,brunette,8006
1127,deep,brown,combination,black,8010
1128,deep,brown,combination,brown,8011
1129,deep,brown,combination,blonde,8012
1130,deep,brown,combination,auburn,8013
1131,deep,brown,combination,gray,8014
1132,deep,brown,combination,red,8015
1133,deep,brown,combination,brunette,8016
1134,deep,brown,dry,black,8020
1135,deep,brown,dry,brown,8021
1136,deep,brown,dry,blonde,8022
1137,deep,brown,dry,auburn,8023
1138,deep,brown,dry,gray,8024
1139,deep,brown,dry,red,8025
1140,deep,brown,dry,brunette,8026
1141,deep,brown,normal,black,8030
1142,deep,brown,normal,brown,8031
1143,deep,brown,normal,blonde,8032
1144,deep,brown,normal,auburn,8033
1145,deep,brown,normal,gray,8034
1146,deep,brown,normal,red,8035
1147,deep,brown,normal,brunette,8036
1148,deep,green,oily,black,8100
1149,deep,green,oily,brown,8101
1150,deep,green,oily,blonde,8102
1151,deep,green,oily,auburn,8103
1152,deep,green,oily,gray,8104
1153,deep,green,oily,red,8105
1154,deep,green,oily,brunette,8106
1155,deep,green,combination,black,8110
1156,deep,green,combination,brown,8111
1157,deep,green,combination,blonde,8112
1158,deep,green,combination,auburn,8113
1159,deep,green,combination,gray,8114
1160,deep,green,combination,red,8115
1161,deep,green,combination,brunette,8116
1162,deep,green,dry,black,8120
1163,deep,green,dry,brown,8121
1164,deep,green,dry,blonde,8122
1165,deep,green,dry,auburn,8123
1166,deep,green,dry,gray,8124
1167,deep,green,dry,red,8125
1168,deep,green,dry,brunette,8126
1169,deep,green,normal,black,8130
1170,deep,green,normal,brown,8131
1171,deep,green,normal,blonde,8132
1172,deep,green,normal,auburn,8133
1173,deep,green,normal,gray,8134
1174,deep,green,normal,red,8135
1175,deep,green,normal,brunette,8136
1176,deep,hazel,oily,black,8200
1177,deep,hazel,oily,brown,8201
1178,deep,hazel,oily,blonde,8202
1179,deep,hazel,oily,auburn,8203
1180,deep,hazel,oily,gray,8204
1181,deep,hazel,oily,red,8205
1182,deep,hazel,oily,brunette,8206
1183,deep,hazel,combination,black,8210
1184,deep,hazel,combination,brown,8211
1185,deep,hazel,combination,blonde,8212
1186,deep,hazel,combination,auburn,8213
1187,deep,hazel,combination,gray,8214
1188,deep,hazel,combination,red,8215
1189,deep,hazel,combination,brunette,8216
1190,deep,hazel,dry,black,8220
1191,deep,hazel,dry,brown,8221
1192,deep,hazel,dry,blonde,8222
1193,deep,hazel,dry,auburn,8223
1194,deep,hazel,dry,gray,8224
1195,deep,hazel,dry,red,8225
1196,deep,hazel,dry,brunette,8226
1197,deep,hazel,normal,black,8230
1198,deep,hazel,normal,brown,8231
1199,deep,hazel,normal,blonde,8232
1200,deep,hazel,normal,auburn,8233
1201,deep,hazel,normal,gray,8234
1202,deep,hazel,normal,red,8235
1203,deep,hazel,normal,brunette,8236
1204,deep,gray,oily,black,8300
1205,deep,gray,oily,brown,8301
1206,deep,gray,oily,blonde,8302
1207,deep,gray,oily,auburn,8303
1208,deep,gray,oily,gray,8304
1209,deep,gray,oily,red,8305
1210,deep,gray,oily,brunette,8306
1211,deep,gray,combination,black,8310
1212,deep,gray,combination,brown,8311
1213,deep,gray,combination,blonde,8312
1214,deep,gray,combination,auburn,8313
1215,deep,gray,combination,gray,8314
1216,deep,gray,combination,red,8315
1217,deep,gray,combination,brunette,8316
1218,deep,gray,dry,black,8320
1219,deep,gray,dry,brown,8321
1220,deep,gray,dry,blonde,8322
1221,deep,gray,dry,auburn,8323
1222,deep,gray,dry,gray,8324
1223,deep,gray,dry,red,8325
1224,deep,gray,dry,brunette,8326
1225,deep,gray,normal,black,8330
1226,deep,gray,normal,brown,8331
1227,deep,gray,normal,blonde,8332
1228,deep,gray,normal,auburn,8333
1229,deep,gray,normal,gray,8334
1230,deep,gray,normal,red,8335
1231,deep,gray,normal,brunette,8336
1232,deep,blue,oily,black,8400
1233,deep,blue,oily,brown,8401
1234,deep,blue,oily,blonde,8402
1235,deep,blue,oily,auburn,8403
1236,deep,blue,oily,gray,8404
1237,deep,blue,oily,red,8405
1238,deep,blue,oily,brunette,8406
1239,deep,blue,combination,black,8410
1240,deep,blue,combination,brown,8411
1241,deep,blue,combination,blonde,8412
1242,deep,blue,combination,auburn,8413
1243,deep,blue,combination,gray,8414
1244,deep,blue,combination,red,8415
1245,deep,blue,combination,brunette,8416
1246,deep,blue,dry,black,8420
1247,deep,blue,dry,brown,8421
1248,deep,blue,dry,blonde,8422
1249,deep,blue,dry,auburn,8423
1250,deep,blue,dry,gray,8424
1251,deep,blue,dry,red,8425
1252,deep,blue,dry,brunette,8426
1253,deep,blue,normal,black,8430
1254,deep,blue,normal,brown,8431
1255,deep,blue,normal,blonde,8432
1256,deep,blue,normal,auburn,8433
1257,deep,blue,normal,gray,8434
1258,deep,blue,normal,red,8435
1259,deep,blue,normal,brunette,8436
1260,porcelain,brown,oily,black,9000
1261,porcelain,brown,oily,brown,9001
1262,porcelain,brown,oily,blonde,9002
1263,porcelain,brown,oily,auburn,9003
1264,porcelain,brown,oily,gray,9004
1265,porcelain,brown,oily,red,9005
1266,porcelain,brown,oily,brunette,9006
1267,porcelain,brown,combination,black,9010
1268,porcelain,brown,combination,brown,9011
1269,porcelain,brown,combination,blonde,9012
1270,porcelain,brown,combination,auburn,9013
1271,porcelain,brown,combination,gray,9014
1272,porcelain,brown,combination,red,9015
1273,porcelain,brown,combination,brunette,9016
1274,porcelain,brown,dry,black,9020
1275,porcelain,brown,dry,brown,9021
1276,porcelain,brown,dry,blonde,9022
1277,porcelain,brown,dry,auburn,9023
1278,porcelain,brown,dry,gray,9024
1279,porcelain,brown,dry,red,9025
1280,porcelain,brown,dry,brunette,9026
1281,porcelain,brown,normal,black,9030
1282,porcelain,brown,normal,brown,9031
1283,porcelain,brown,normal,blonde,9032
1284,porcelain,brown,normal,auburn,9033
1285,porcelain,brown,normal,gray,9034
1286,porcelain,brown,normal,red,9035
1287,porcelain,brown,normal,brunette,9036
1288,porcelain,green,oily,black,9100
1289,porcelain,green,oily,brown,9101
1290,porcelain,green,oily,blonde,9102
1291,porcelain,green,oily,auburn,9103
1292,porcelain,green,oily,gray,9104
1293,porcelain,green,oily,red,9105
1294,porcelain,green,oily,brunette,9106
1295,porcelain,green,combination,black,9110
1296,porcelain,green,combination,brown,9111
1297,porcelain,green,combination,blonde,9112
1298,porcelain,green,combination,auburn,9113
1299,porcelain,green,combination,gray,9114
1300,porcelain,green,combination,red,9115
1301,porcelain,green,combination,brunette,9116
1302,porcelain,green,dry,black,9120
1303,porcelain,green,dry,brown,9121
1304,porcelain,green,dry,blonde,9122
1305,porcelain,green,dry,auburn,9123
1306,porcelain,green,dry,gray,9124
1307,porcelain,green,dry,red,9125
1308,porcelain,green,dry,brunette,9126
1309,porcelain,green,normal,black,9130
1310,porcelain,green,normal,brown,9131
1311,porcelain,green,normal,blonde,9132
1312,porcelain,green,normal,auburn,9133
1313,porcelain,green,normal,gray,9134
1314,porcelain,green,normal,red,9135
1315,porcelain,green,normal,brunette,9136
1316,porcelain,hazel,oily,black,9200
1317,porcelain,hazel,oily,brown,9201
1318,porcelain,hazel,oily,blonde,9202
1319,porcelain,hazel,oily,auburn,9203
1320,porcelain,hazel,oily,gray,9204
1321,porcelain,hazel,oily,red,9205
1322,porcelain,hazel,oily,brunette,9206
1323,porcelain,hazel,combination,black,9210
1324,porcelain,hazel,combination,brown,9211
1325,porcelain,hazel,combination,blonde,9212
1326,porcelain,hazel,combination,auburn,9213
1327,porcelain,hazel,combination,gray,9214
1328,porcelain,hazel,combination,red,9215
1329,porcelain,hazel,combination,brunette,9216
1330,porcelain,hazel,dry,black,9220
1331,porcelain,hazel,dry,brown,9221
1332,porcelain,hazel,dry,blonde,9222
1333,porcelain,hazel,dry,auburn,9223
1334,porcelain,hazel,dry,gray,9224
1335,porcelain,hazel,dry,red,9225
1336,porcelain,hazel,dry,brunette,9226
1337,porcelain,hazel,normal,black,9230
1338,porcelain,hazel,normal,brown,9231
1339,porcelain,hazel,normal,blonde,9232
1340,porcelain,hazel,normal,auburn,9233
1341,porcelain,hazel,normal,gray,9234
1342,porcelain,hazel,normal,red,9235
1343,porcelain,hazel,normal,brunette,9236
1344,porcelain,gray,oily,black,9300
1345,porcelain,gray,oily,brown,9301
1346,porcelain,gray,oily,blonde,9302
1347,porcelain,gray,oily,auburn,9303
1348,porcelain,gray,oily,gray,9304
1349,porcelain,gray,oily,red,9305
1350,porcelain,gray,oily,brunette,9306
1351,porcelain,gray,combination,black,9310
1352,porcelain,gray,combination,brown,9311
1353,porcelain,gray,combination,blonde,9312
1354,porcelain,gray,combination,auburn,9313
1355,porcelain,gray,combination,gray,9314
1356,porcelain,gray,combination,red,9315
1357,porcelain,gray,combination,brunette,9316
1358,porcelain,gray,dry,black,9320
1359,porcelain,gray,dry,brown,9321
1360,porcelain,gray,dry,blonde,9322
1361,porcelain,gray,dry,auburn,9323
1362,porcelain,gray,dry,gray,9324
1363,porcelain,gray,dry,red,9325
1364,porcelain,gray,dry,brunette,9326
1365,porcelain,gray,normal,black,9330
1366,porcelain,gray,normal,brown,9331
1367,porcelain,gray,normal,blonde,9332
1368,porcelain,gray,normal,auburn,9333
1369,porcelain,gray,normal,gray,9334
1370,porcelain,gray,normal,red,9335
1371,porcelain,gray,normal,brunette,9336
1372,porcelain,blue,oily,black,9400
1373,porcelain,blue,oily,brown,9401
1374,porcelain,blue,oily,blonde,9402
1375,porcelain,blue,oily,auburn,9403
1376,porcelain,blue,oily,gray,9404
1377,porcelain,blue,oily,red,9405
1378,porcelain,blue,oily,brunette,9406
1379,porcelain,blue,combination,black,9410
1380,porcelain,blue,combination,brown,9411
1381,porcelain,blue,combination,blonde,9412
1382,porcelain,blue,combination,auburn,9413
1383,porcelain,blue,combination,gray,9414
1384,porcelain,blue,combination,red,9415
1385,porcelain,blue,combination,brunette,9416
1386,porcelain,blue,dry,black,9420
1387,porcelain,blue,dry,brown,9421
1388,porcelain,blue,dry,blonde,9422
1389,porcelain,blue,dry,auburn,9423
1390,porcelain,blue,dry,gray,9424
1391,porcelain,blue,dry,red,9425
1392,porcelain,blue,dry,brunette,9426
1393,porcelain,blue,normal,black,9430
1394,porcelain,blue,normal,brown,9431
1395,porcelain,blue,normal,blonde,9432
1396,porcelain,blue,normal,auburn,9433
1397,porcelain,blue,normal,gray,9434
1398,porcelain,blue,normal,red,9435
1399,porcelain,blue,normal,brunette,9436
1400,olive,brown,oily,black,10000
1401,olive,brown,oily,brown,10001
1402,olive,brown,oily,blonde,10002
1403,olive,brown,oily,auburn,10003
1404,olive,brown,oily,gray,10004
1405,olive,brown,oily,red,10005
1406,olive,brown,oily,brunette,10006
1407,olive,brown,combination,black,10010
1408,olive,brown,combination,brown,10011
1409,olive,brown,combination,blonde,10012
1410,olive,brown,combination,auburn,10013
1411,olive,brown,combination,gray,10014
1412,olive,brown,combination,red,10015
1413,olive,brown,combination,brunette,10016
1414,olive,brown,dry,black,10020
1415,olive,brown,dry,brown,10021
1416,olive,brown,dry,blonde,10022
1417,olive,brown,dry,auburn,10023
1418,olive,brown,dry,gray,10024
1419,olive,brown,dry,red,10025
1420,olive,brown,dry,brunette,10026
1421,olive,brown,normal,black,10030
1422,olive,brown,normal,brown,10031
1423,olive,brown,normal,blonde,10032
1424,olive,brown,normal,auburn,10033
1425,olive,brown,normal,gray,10034
1426,olive,brown,normal,red,10035
1427,olive,brown,normal,brunette,10036
1428,olive,green,oily,black,10100
1429,olive,green,oily,brown,10101
1430,olive,green,oily,blonde,10102
1431,olive,green,oily,auburn,10103
1432,olive,green,oily,gray,10104
1433,olive,green,oily,red,10105
1434,olive,green,oily,brunette,10106
1435,olive,green,combination,black,10110
1436,olive,green,combination,brown,10111
1437,olive,green,combination,blonde,10112
1438,olive,green,combination,auburn,10113
1439,olive,green,combination,gray,10114
1440,olive,green,combination,red,10115
1441,olive,green,combination,brunette,10116
1442,olive,green,dry,black,10120
1443,olive,green,dry,brown,10121
1444,olive,green,dry,blonde,10122
1445,olive,green,dry,auburn,10123
1446,olive,green,dry,gray,10124
1447,olive,green,dry,red,10125
1448,olive,green,dry,brunette,10126
1449,olive,green,normal,black,10130
1450,olive,green,normal,brown,10131
1451,olive,green,normal,blonde,10132
1452,olive,green,normal,auburn,10133
1453,olive,green,normal,gray,10134
1454,olive,green,normal,red,10135
1455,olive,green,normal,brunette,10136
1456,olive,hazel,oily,black,10200
1457,olive,hazel,oily,brown,10201
1458,olive,hazel,oily,blonde,10202
1459,olive,hazel,oily,auburn,10203
1460,olive,hazel,oily,gray,10204
1461,olive,hazel,oily,red,10205
1462,olive,hazel,oily,brunette,10206
1463,olive,hazel,combination,black,10210
1464,olive,hazel,combination,brown,10211
1465,olive,hazel,combination,blonde,10212
1466,olive,hazel,combination,auburn,10213
1467,olive,hazel,combination,gray,10214
1468,olive,hazel,combination,red,10215
1469,olive,hazel,combination,brunette,10216
1470,olive,hazel,dry,black,10220
1471,olive,hazel,dry,brown,10221
1472,olive,hazel,dry,blonde,10222
1473,olive,hazel,dry,auburn,10223
1474,olive,hazel,dry,gray,10224
1475,olive,hazel,dry,red,10225
1476,olive,hazel,dry,brunette,10226
1477,olive,hazel,normal,black,10230
1478,olive,hazel,normal,brown,10231
1479,olive,hazel,normal,blonde,10232
1480,olive,hazel,normal,auburn,10233
1481,olive,hazel,normal,gray,10234
1482,olive,hazel,normal,red,10235
1483,olive,hazel,normal,brunette,10236
1484,olive,gray,oily,black,10300
1485,olive,gray,oily,brown,10301
1486,olive,gray,oily,blonde,10302
1487,olive,gray,oily,auburn,10303
1488,olive,gray,oily,gray,10304
1489,olive,gray,oily,red,10305
1490,olive,gray,oily,brunette,10306
1491,olive,gray,combination,black,10310
1492,olive,gray,combination,brown,10311
1493,olive,gray,combination,blonde,10312
1494,olive,gray,combination,auburn,10313
1495,olive,gray,combination,gray,10314
1496,olive,gray,combination,red,10315
1497,olive,gray,combination,brunette,10316
1498,olive,gray,dry,black,10320
1499,olive,gray,dry,brown,10321
1500,olive,gray,dry,blonde,10322
1501,olive,gray,dry,auburn,10323
1502,olive,gray,dry,gray,10324
1503,olive,gray,dry,red,10325
1504,olive,gray,dry,brunette,10326
1505,olive,gray,normal,black,10330
1506,olive,gray,normal,brown,10331
1507,olive,gray,normal,blonde,10332
1508,olive,gray,normal,auburn,10333
1509,olive,gray,normal,gray,10334
1510,olive,gray,normal,red,10335
1511,olive,gray,normal,brunette,10336
1512,olive,blue,oily,black,10400
1513,olive,blue,oily,brown,10401
1514,olive,blue,oily,blonde,10402
1515,olive,blue,oily,auburn,10403
1516,olive,blue,oily,gray,10404
1517,olive,blue,oily,red,10405
1518,olive,blue,oily,brunette,10406
1519,olive,blue,combination,black,10410
1520,olive,blue,combination,brown,10411
1521,olive,blue,combination,blonde,10412
1522,olive,blue,combination,auburn,10413
1523,olive,blue,combination,gray,10414
1524,olive,blue,combination,red,10415
1525,olive,blue,combination,brunette,10416
1526,olive,blue,dry,black,10420
1527,olive,blue,dry,brown,10421
1528,olive,blue,dry,blonde,10422
1529,olive,blue,dry,auburn,10423
1530,olive,blue,dry,gray,10424
1531,olive,blue,dry,red,10425
1532,olive,blue,dry,brunette,10426
1533,olive,blue,normal,black,10430
1534,olive,blue,normal,brown,10431
1535,olive,blue,normal,blonde,10432
1536,olive,blue,normal,auburn,10433
1537,olive,blue,normal,gray,10434
1538,olive,blue,normal,red,10435
1539,olive,blue,normal,brunette,10436
1540,dark,brown,oily,black,11000
1541,dark,brown,oily,brown,11001
1542,dark,brown,oily,blonde,11002
1543,dark,brown,oily,auburn,11003
1544,dark,brown,oily,gray,11004
1545,dark,brown,oily,red,11005
1546,dark,brown,oily,brunette,11006
1547,dark,brown,combination,black,11010
1548,dark,brown,combination,brown,11011
1549,dark,brown,combination,blonde,11012
1550,dark,brown,combination,auburn,11013
1551,dark,brown,combination,gray,11014
1552,dark,brown,combination,red,11015
1553,dark,brown,combination,brunette,11016
1554,dark,brown,dry,black,11020
1555,dark,brown,dry,brown,11021
1556,dark,brown,dry,blonde,11022
1557,dark,brown,dry,auburn,11023
1558,dark,brown,dry,gray,11024
1559,dark,brown,dry,red,11025
1560,dark,brown,dry,brunette,11026
1561,dark,brown,normal,black,11030
1562,dark,brown,normal,brown,11031
1563,dark,brown,normal,blonde,11032
1564,dark,brown,normal,auburn,11033
1565,dark,brown,normal,gray,11034
1566,dark,brown,normal,red,11035
1567,dark,brown,normal,brunette,11036
1568,dark,green,oily,black,11100
1569,dark,green,oily,brown,11101
1570,dark,green,oily,blonde,11102
1571,dark,green,oily,auburn,11103
1572,dark,green,oily,gray,11104
1573,dark,green,oily,red,11105
1574,dark,green,oily,brunette,11106
1575,dark,green,combination,black,11110
1576,dark,green,combination,brown,11111
1577,dark,green,combination,blonde,11112
1578,dark,green,combination,auburn,11113
1579,dark,green,combination,gray,11114
1580,dark,green,combination,red,11115
1581,dark,green,combination,brunette,11116
1582,dark,green,dry,black,11120
1583,dark,green,dry,brown,11121
1584,dark,green,dry,blonde,11122
1585,dark,green,dry,auburn,11123
1586,dark,green,dry,gray,11124
1587,dark,green,dry,red,11125
1588,dark,green,dry,brunette,11126
1589,dark,green,normal,black,11130
1590,dark,green,normal,brown,11131
1591,dark,green,normal,blonde,11132
1592,dark,green,normal,auburn,11133
1593,dark,green,normal,gray,11134
1594,dark,green,normal,red,11135
1595,dark,green,normal,brunette,11136
1596,dark,hazel,oily,black,11200
1597,dark,hazel,oily,brown,11201
1598,dark,hazel,oily,blonde,11202
1599,dark,hazel,oily,auburn,11203
1600,dark,hazel,oily,gray,11204
1601,dark,hazel,oily,red,11205
1602,dark,hazel,oily,brunette,11206
1603,dark,hazel,combination,black,11210
1604,dark,hazel,combination,brown,11211
1605,dark,hazel,combination,blonde,11212
1606,dark,hazel,combination,auburn,11213
1607,dark,hazel,combination,gray,11214
1608,dark,hazel,combination,red,11215
1609,dark,hazel,combination,brunette,11216
1610,dark,hazel,dry,black,11220
1611,dark,hazel,dry,brown,11221
1612,dark,hazel,dry,blonde,11222
1613,dark,hazel,dry,auburn,11223
1614,dark,hazel,dry,gray,11224
1615,dark,hazel,dry,red,11225
1616,dark,hazel,dry,brunette,11226
1617,dark,hazel,normal,black,11230
1618,dark,hazel,normal,brown,11231
1619,dark,hazel,normal,blonde,11232
1620,dark,hazel,normal,auburn,11233
1621,dark,hazel,normal,gray,11234
1622,dark,hazel,normal,red,11235
1623,dark,hazel,normal,brunette,11236
1624,dark,gray,oily,black,11300
1625,dark,gray,oily,brown,11301
1626,dark,gray,oily,blonde,11302
1627,dark,gray,oily,auburn,11303
1628,dark,gray,oily,gray,11304
1629,dark,gray,oily,red,11305
1630,dark,gray,oily,brunette,11306
1631,dark,gray,combination,black,11310
1632,dark,gray,combination,brown,11311
1633,dark,gray,combination,blonde,11312
1634,dark,gray,combination,auburn,11313
1635,dark,gray,combination,gray,11314
1636,dark,gray,combination,red,11315
1637,dark,gray,combination,brunette,11316
1638,dark,gray,dry,black,11320
1639,dark,gray,dry,brown,11321
1640,dark,gray,dry,blonde,11322
1641,dark,gray,dry,auburn,11323
1642,dark,gray,dry,gray,11324
1643,dark,gray,dry,red,11325
1644,dark,gray,dry,brunette,11326
1645,dark,gray,normal,black,11330
1646,dark,gray,normal,brown,11331
1647,dark,gray,normal,blonde,11332
1648,dark,gray,normal,auburn,11333
1649,dark,gray,normal,gray,11334
1650,dark,gray,normal,red,11335
1651,dark,gray,normal,brunette,11336
1652,dark,blue,oily,black,11400
1653,dark,blue,oily,brown,11401
1654,dark,blue,oily,blonde,11402
1655,dark,blue,oily,auburn,11403
1656,dark,blue,oily,gray,11404
1657,dark,blue,oily,red,11405
1658,dark,blue,oily,brunette,11406
1659,dark,blue,combination,black,11410
1660,dark,blue,combination,brown,11411
1661,dark,blue,combination,blonde,11412
1662,dark,blue,combination,auburn,11413
1663,dark,blue,combination,gray,11414
1664,dark,blue,combination,red,11415
1665,dark,blue,combination,brunette,11416
1666,dark,blue,dry,black,11420
1667,dark,blue,dry,brown,11421
1668,dark,blue,dry,blonde,11422
1669,dark,blue,dry,auburn,11423
1670,dark,blue,dry,gray,11424
1671,dark,blue,dry,red,11425
1672,dark,blue,dry,brunette,11426
1673,dark,blue,normal,black,11430
1674,dark,blue,normal,brown,11431
1675,dark,blue,normal,blonde,11432
1676,dark,blue,normal,auburn,11433
1677,dark,blue,normal,gray,11434
1678,dark,blue,normal,red,11435
1679,dark,blue,normal,brunette,11436
1680,ebony,brown,oily,black,12000
1681,ebony,brown,oily,brown,12001
1682,ebony,brown,oily,blonde,12002
1683,ebony,brown,oily,auburn,12003
1684,ebony,brown,oily,gray,12004
1685,ebony,brown,oily,red,12005
1686,ebony,brown,oily,brunette,12006
1687,ebony,brown,combination,black,12010
1688,ebony,brown,combination,brown,12011
1689,ebony,brown,combination,blonde,12012
1690,ebony,brown,combination,auburn,12013
1691,ebony,brown,combination,gray,12014
1692,ebony,brown,combination,red,12015
1693,ebony,brown,combination,brunette,12016
1694,ebony,brown,dry,black,12020
1695,ebony,brown,dry,brown,12021
1696,ebony,brown,dry,blonde,12022
1697,ebony,brown,dry,auburn,12023
1698,ebony,brown,dry,gray,12024
1699,ebony,brown,dry,red,12025
1700,ebony,brown,dry,brunette,12026
1701,ebony,brown,normal,black,12030
1702,ebony,brown,normal,brown,12031
1703,ebony,brown,normal,blonde,12032
1704,ebony,brown,normal,auburn,12033
1705,ebony,brown,normal,gray,12034
1706,ebony,brown,normal,red,12035
1707,ebony,brown,normal,brunette,12036
1708,ebony,green,oily,black,12100
1709,ebony,green,oily,brown,12101
1710,ebony,green,oily,blonde,12102
1711,ebony,green,oily,auburn,12103
1712,ebony,green,oily,gray,12104
1713,ebony,green,oily,red,12105
1714,ebony,green,oily,brunette,12106
1715,ebony,green,combination,black,12110
1716,ebony,green,combination,brown,12111
1717,ebony,green,combination,blonde,12112
1718,ebony,green,combination,auburn,12113
1719,ebony,green,combination,gray,12114
1720,ebony,green,combination,red,12115
1721,ebony,green,combination,brunette,12116
1722,ebony,green,dry,black,12120
1723,ebony,green,dry,brown,12121
1724,ebony,green,dry,blonde,12122
1725,ebony,green,dry,auburn,12123
1726,ebony,green,dry,gray,12124
1727,ebony,green,dry,red,12125
1728,ebony,green,dry,brunette,12126
1729,ebony,green,normal,black,12130
1730,ebony,green,normal,brown,12131
1731,ebony,green,normal,blonde,12132
1732,ebony,green,normal,auburn,12133
1733,ebony,green,normal,gray,12134
1734,ebony,green,normal,red,12135
1735,ebony,green,normal,brunette,12136
1736,ebony,hazel,oily,black,12200
1737,ebony,hazel,oily,brown,12201
1738,ebony,hazel,oily,blonde,12202
1739,ebony,hazel,oily,auburn,12203
1740,ebony,hazel,oily,gray,12204
1741,ebony,hazel,oily,red,12205
1742,ebony,hazel,oily,brunette,12206
1743,ebony,hazel,combination,black,12210
1744,ebony,hazel,combination,brown,12211
1745,ebony,hazel,combination,blonde,12212
1746,ebony,hazel,combination,auburn,12213
1747,ebony,hazel,combination,gray,12214
1748,ebony,hazel,combination,red,12215
1749,ebony,hazel,combination,brunette,12216
1750,ebony,hazel,dry,black,12220
1751,ebony,hazel,dry,brown,12221
1752,ebony,hazel,dry,blonde,12222
1753,ebony,hazel,dry,auburn,12223
1754,ebony,hazel,dry,gray,12224
1755,ebony,hazel,dry,red,12225
1756,ebony,hazel,dry,brunette,12226
1757,ebony,hazel,normal,black,12230
1758,ebony,hazel,normal,brown,12231
1759,ebony,hazel,normal,blonde,12232
1760,ebony,hazel,normal,auburn,12233
1761,ebony,hazel,normal,gray,12234
1762,ebony,hazel,normal,red,12235
1763,ebony,hazel,normal,brunette,12236
1764,ebony,gray,oily,black,12300
1765,ebony,gray,oily,brown,12301
1766,ebony,gray,oily,blonde,12302
1767,ebony,gray,oily,auburn,12303
1768,ebony,gray,oily,gray,12304
1769,ebony,gray,oily,red,12305
1770,ebony,gray,oily,brunette,12306
1771,ebony,gray,combination,black,12310
1772,ebony,gray,combination,brown,12311
1773,ebony,gray,combination,blonde,12312
1774,ebony,gray,combination,auburn,12313
1775,ebony,gray,combination,gray,12314
1776,ebony,gray,combination,red,12315
1777,ebony,gray,combination,brunette,12316
1778,ebony,gray,dry,black,12320
1779,ebony,gray,dry,brown,12321
1780,ebony,gray,dry,blonde,12322
1781,ebony,gray,dry,auburn,12323
1782,ebony,gray,dry,gray,12324
1783,ebony,gray,dry,red,12325
1784,ebony,gray,dry,brunette,12326
1785,ebony,gray,normal,black,12330
1786,ebony,gray,normal,brown,12331
1787,ebony,gray,normal,blonde,12332
1788,ebony,gray,normal,auburn,12333
1789,ebony,gray,normal,gray,12334
1790,ebony,gray,normal,red,12335
1791,ebony,gray,normal,brunette,12336
1792,ebony,blue,oily,black,12400
1793,ebony,blue,oily,brown,12401
1794,ebony,blue,oily,blonde,12402
1795,ebony,blue,oily,auburn,12403
1796,ebony,blue,oily,gray,12404
1797,ebony,blue,oily,red,12405
1798,ebony,blue,oily,brunette,12406
1799,ebony,blue,combination,black,12410
1800,ebony,blue,combination,brown,12411
1801,ebony,blue,combination,blonde,12412
1802,ebony,blue,combination,auburn,12413
1803,ebony,blue,combination,gray,12414
1804,ebony,blue,combination,red,12415
1805,ebony,blue,combination,brunette,12416
1806,ebony,blue,dry,black,12420
1807,ebony,blue,dry,brown,12421
1808,ebony,blue,dry,blonde,12422
1809,ebony,blue,dry,auburn,12423
1810,ebony,blue,dry,gray,12424
1811,ebony,blue,dry,red,12425
1812,ebony,blue,dry,brunette,12426
1813,ebony,blue,normal,black,12430
1814,ebony,blue,normal,brown,12431
1815,ebony,blue,normal,blonde,12432
1816,ebony,blue,normal,auburn,12433
1817,ebony,blue,normal,gray,12434
1818,ebony,blue,normal,red,12435
1819,ebony,blue,normal,brunette,12436
